z_log10_pl_rade,z_log10_pl_bmasse,z_log10_pl_orbper,z_log10_pl_orbsmax,z_pl_orbeccen,z_log10_st_teff,z_log10_st_mass,z_log10_st_rad
1.2624519336757727,2.2678474429785327,1.3503013229918635,1.5160618052064623,1.0553545975574112,-0.49086165428460327,2.1350172078705882,3.927387270241429
1.271218464148949,2.2476014251996235,1.5749984836108382,1.7003684361897669,0.013115116469977142,-1.3181416726355297,2.874631519085413,5.103149044816839
1.3388877134392854,1.647507285502159,1.0870946934912191,1.220895637938828,-0.5146010764856858,-0.4745801931014005,1.718784942864113,3.6608789992375055
1.2885397109386396,2.034554675005641,2.165340059507062,2.1361519091415397,1.9148723468339472,0.025329023168463697,0.14493201698902475,-0.17394552985339107
1.3711877127347034,1.3549277315929835,1.7843255275440348,1.757856297532224,3.970986563637449,0.4473634099138742,0.42342206982076086,0.1225622527407669
1.322365941109978,1.729334400962853,1.6295605705554461,1.6625101476458548,-0.1188139317689386,-1.3940995635494968,0.7394248922067705,4.891322186970074
1.2885397109386396,2.0488752746112544,1.884008100948314,2.039710649498132,-0.35628621859898685,-0.36873403039552194,2.147392068933333,3.246940110655664
1.4025445103276715,1.0588908987206018,0.2148129034488339,0.24454863817114367,-0.30351459930342056,-0.5588153765921099,0.3503882692524591,3.742972291318139
1.3632033338032492,1.4020061434568694,1.512093908856098,1.603202376064307,0.07907964058943497,-0.2358014764138146,1.3433065871147314,2.355663883283678
1.4025445103276715,1.0477266103500458,1.8325973290813606,1.9168559913059255,1.398370122978592,-0.2358014764138146,1.3433065871147314,2.355663883283678
1.3632033338032492,1.3824773215482893,1.4597396562855718,1.3418005553566241,1.6622282194564237,9.741678233776625,-1.678937603112726,-2.4907091277401463
1.2970966806697488,1.9843309645383667,1.2644590042895323,1.3080573620037759,2.4735918661257554,-1.052299149839159,0.7690058150726619,4.345534635653919
