discoverymethod,snapshot_share,retained_share
Transit,0.7395538799874333,0.7796148609219996
Radial Velocity,0.1885014137606032,0.21085391947092005
Microlensing,0.04539742381401194,0.0
Imaging,0.015237197612315425,0.002917720287881735
Transit Timing Variations,0.004555450832547911,0.004279323088893211
Eclipse Timing Variations,0.0026704366949418788,0.0013616028010114763
Orbital Brightness Modulation,0.001413760603204524,0.00019451468585878233
Pulsar Timing,0.0012566760917373547,0.0
Astrometry,0.000942507068803016,0.000583544057576347
Pulsation Timing Variations,0.00031416902293433867,0.00019451468585878233
Disk Kinematics,0.00015708451146716933,0.0
